model_tag,left_group,right_group,n_left_heads,n_right_heads,left_head_median_kl_mean,right_head_median_kl_mean,mean_diff_left_minus_right,mannwhitney_u,p_value,cliffs_delta,bh_fdr_q
gemma3_4b,high_complex_global,local_band,6,6,0.14652016666666667,0.24311408333333337,-0.0965939166666667,15.0,0.6991341991341992,-0.16666666666666666,1.0
gemma3_4b,high_complex_global,low_rank_diffuse,6,6,0.14652016666666667,0.025731000000000004,0.12078916666666667,18.0,1.0,0.0,1.0
gemma3_4b,local_band,low_rank_diffuse,6,6,0.24311408333333337,0.025731000000000004,0.21738308333333337,25.0,0.30952380952380953,0.3888888888888889,0.9285714285714286
ministral8b,high_complex_global,local_band,6,6,0.03301,0.0023233333333333335,0.030686666666666664,36.0,0.0021645021645021645,1.0,0.003246753246753247
ministral8b,high_complex_global,low_rank_diffuse,6,6,0.03301,0.0034235833333333336,0.029586416666666664,36.0,0.0021645021645021645,1.0,0.003246753246753247
ministral8b,local_band,low_rank_diffuse,6,6,0.0023233333333333335,0.0034235833333333336,-0.00110025,10.0,0.24025974025974026,-0.4444444444444444,0.24025974025974026
qwen3_8b,high_complex_global,local_band,6,6,0.011202750000000003,0.014274583333333334,-0.003071833333333331,14.0,0.5887445887445888,-0.2222222222222222,0.5887445887445888
qwen3_8b,high_complex_global,low_rank_diffuse,6,6,0.011202750000000003,0.028917416666666668,-0.017714666666666663,7.0,0.09307359307359307,-0.6111111111111112,0.2792207792207792
qwen3_8b,local_band,low_rank_diffuse,6,6,0.014274583333333334,0.028917416666666668,-0.014642833333333334,10.0,0.24025974025974026,-0.4444444444444444,0.36038961038961037
