task_id,model_tag,target_group,layer,head,selection_rank,kl_banded,js_banded,top10_banded,kl_plr_r4,js_plr_r4,top10_plr_r4,kl_delta_plr_r4_minus_banded,kl_ratio_plr_r4_over_banded
TR01,qwen3_8b,high_complex_global,35,24,1,0.000918,0.000226,1.0,7.1e-05,1.7e-05,1.0,-0.000847,0.07734204793028324
TR01,qwen3_8b,high_complex_global,10,21,2,0.018262,0.004468,0.9,0.002367,0.000594,0.9,-0.015895,0.12961340488445955
TR01,qwen3_8b,high_complex_global,10,28,3,0.004915,0.001179,0.9,0.005303,0.001288,0.9,0.0003880000000000003,1.078942014242116
TR01,qwen3_8b,high_complex_global,7,11,4,0.002328,0.000556,0.9,0.004325,0.001056,1.0,0.0019969999999999996,1.8578178694158074
TR01,qwen3_8b,high_complex_global,11,1,5,0.006252,0.001533,0.9,0.004002,0.00098,1.0,-0.0022499999999999994,0.6401151631477928
TR01,qwen3_8b,high_complex_global,24,24,6,0.00096,0.000236,1.0,6.5e-05,1.6e-05,1.0,-0.0008950000000000001,0.06770833333333333
TR01,qwen3_8b,local_band,12,25,1,0.002086,0.000521,0.9,0.050234,0.011786,0.8,0.048148,24.08149568552253
TR01,qwen3_8b,local_band,1,4,2,0.000905,0.000223,1.0,0.00446,0.001077,1.0,0.0035550000000000004,4.928176795580111
TR01,qwen3_8b,local_band,0,1,3,0.010738,0.002639,0.9,0.18217,0.036425,0.9,0.171432,16.964984168374
TR01,qwen3_8b,local_band,1,7,4,0.008458,0.00208,0.9,0.009608,0.00234,0.9,0.00115,1.1359659493970207
TR01,qwen3_8b,local_band,0,15,5,0.004454,0.001045,0.9,0.006726,0.0016,0.9,0.0022720000000000006,1.5101032779524024
TR01,qwen3_8b,local_band,16,27,6,0.000831,0.000206,0.9,0.037809,0.009154,0.9,0.036978000000000004,45.498194945848375
TR01,qwen3_8b,low_rank_diffuse,13,12,1,0.005293,0.001262,0.9,0.010047,0.002456,1.0,0.004754,1.8981673908936332
TR01,qwen3_8b,low_rank_diffuse,7,6,2,0.004462,0.001113,0.9,0.004388,0.001079,0.9,-7.399999999999941e-05,0.9834155087404752
TR01,qwen3_8b,low_rank_diffuse,7,4,3,0.005457,0.001315,0.9,0.005808,0.001415,1.0,0.00035099999999999975,1.0643210555250138
TR01,qwen3_8b,low_rank_diffuse,9,30,4,0.003548,0.000874,0.9,0.005761,0.00142,1.0,0.0022129999999999997,1.6237316798196166
TR01,qwen3_8b,low_rank_diffuse,9,8,5,0.002292,0.000572,0.9,0.004405,0.001035,1.0,0.002113,1.9219022687609073
TR01,qwen3_8b,low_rank_diffuse,9,28,6,0.001916,0.000475,0.9,0.003924,0.000961,1.0,0.0020080000000000002,2.048016701461378
TR08,qwen3_8b,high_complex_global,35,24,1,1e-06,0.0,1.0,6.5e-05,1.6e-05,1.0,6.4e-05,65.0
TR08,qwen3_8b,high_complex_global,10,21,2,0.007147,0.001694,1.0,0.004023,0.001,1.0,-0.003124,0.5628935217573807
TR08,qwen3_8b,high_complex_global,10,28,3,0.015074,0.003586,0.9,0.000767,0.000187,1.0,-0.014307,0.05088231391800451
TR08,qwen3_8b,high_complex_global,7,11,4,0.012039,0.003086,1.0,0.008912,0.002044,1.0,-0.0031269999999999996,0.7402608190049008
TR08,qwen3_8b,high_complex_global,11,1,5,0.00135,0.000319,1.0,0.001156,0.000284,1.0,-0.00019400000000000016,0.8562962962962962
TR08,qwen3_8b,high_complex_global,24,24,6,7.3e-05,1.8e-05,0.9,0.000527,0.00013,1.0,0.00045400000000000003,7.219178082191781
TR08,qwen3_8b,local_band,12,25,1,0.003108,0.000762,0.9,0.035444,0.007721,1.0,0.032336000000000004,11.404118404118405
TR08,qwen3_8b,local_band,1,4,2,0.003423,0.000828,1.0,0.007557,0.001871,0.9,0.0041340000000000005,2.2077125328659073
TR08,qwen3_8b,local_band,0,1,3,0.01755,0.004583,0.9,0.442187,0.116073,0.7,0.424637,25.195840455840457
TR08,qwen3_8b,local_band,1,7,4,0.002614,0.000655,1.0,0.002124,0.000529,1.0,-0.00049,0.8125478194338179
TR08,qwen3_8b,local_band,0,15,5,0.001408,0.000351,1.0,0.020556,0.005248,0.9,0.019148000000000002,14.59943181818182
TR08,qwen3_8b,local_band,16,27,6,0.016761,0.003943,1.0,0.007482,0.001971,1.0,-0.009279000000000003,0.44639341328083043
TR08,qwen3_8b,low_rank_diffuse,13,12,1,0.004674,0.001098,1.0,0.005924,0.001459,0.9,0.0012499999999999994,1.2674368848951647
TR08,qwen3_8b,low_rank_diffuse,7,6,2,0.015281,0.00397,0.9,0.005823,0.001432,1.0,-0.009458,0.38106144885805904
TR08,qwen3_8b,low_rank_diffuse,7,4,3,0.004661,0.00117,1.0,0.036593,0.008073,0.9,0.031932,7.8508903668740615
TR08,qwen3_8b,low_rank_diffuse,9,30,4,0.010661,0.002608,1.0,0.009246,0.0022,1.0,-0.0014149999999999996,0.86727323890817
TR08,qwen3_8b,low_rank_diffuse,9,8,5,0.005084,0.001296,1.0,0.006801,0.001739,1.0,0.0017169999999999998,1.3377261998426435
TR08,qwen3_8b,low_rank_diffuse,9,28,6,0.00276,0.000691,0.9,0.005723,0.001375,1.0,0.002963,2.073550724637681
BZ01,qwen3_8b,high_complex_global,35,24,1,1e-06,0.0,1.0,0.003182,0.000771,0.8,0.003181,3182.0
BZ01,qwen3_8b,high_complex_global,10,21,2,0.051508,0.011909,0.7,0.00878,0.001771,0.9,-0.042728,0.17045895783179313
BZ01,qwen3_8b,high_complex_global,10,28,3,0.024807,0.007053,0.8,0.103559,0.020215,0.7,0.078752,4.17458781795461
BZ01,qwen3_8b,high_complex_global,7,11,4,0.077589,0.015122,0.7,0.177624,0.054293,0.6,0.100035,2.2892935854309244
BZ01,qwen3_8b,high_complex_global,11,1,5,0.06884,0.018252,0.8,0.019961,0.005108,0.8,-0.048879,0.2899622312608948
BZ01,qwen3_8b,high_complex_global,24,24,6,0.006427,0.001529,0.9,0.014772,0.00388,1.0,0.008345,2.2984285047456043
BZ01,qwen3_8b,local_band,12,25,1,0.022912,0.005574,0.8,0.059562,0.017288,0.8,0.03665,2.5995984636871508
BZ01,qwen3_8b,local_band,1,4,2,0.027451,0.008021,0.8,0.050028,0.01411,0.7,0.022577000000000003,1.8224472696805218
BZ01,qwen3_8b,local_band,0,1,3,0.0472,0.009726,0.7,1.268368,0.291061,0.4,1.221168,26.872203389830506
BZ01,qwen3_8b,local_band,1,7,4,0.065784,0.01371,0.7,0.04504,0.013533,0.8,-0.020744,0.6846649641250152
BZ01,qwen3_8b,local_band,0,15,5,0.037113,0.008875,0.7,0.276731,0.079129,0.7,0.239618,7.4564438336970875
BZ01,qwen3_8b,local_band,16,27,6,0.030524,0.006618,0.8,5.145732,0.655383,0.1,5.115208,168.57987157646443
BZ01,qwen3_8b,low_rank_diffuse,13,12,1,0.070826,0.014612,0.8,0.010519,0.002873,1.0,-0.060307,0.1485189054866857
BZ01,qwen3_8b,low_rank_diffuse,7,6,2,0.060267,0.012501,0.7,0.124956,0.022919,0.7,0.064689,2.0733734879784955
BZ01,qwen3_8b,low_rank_diffuse,7,4,3,0.046827,0.013897,0.8,0.067151,0.017423,0.5,0.020324000000000002,1.4340231063275461
BZ01,qwen3_8b,low_rank_diffuse,9,30,4,0.112046,0.021232,0.7,0.03386,0.00815,0.7,-0.078186,0.3021973118183603
BZ01,qwen3_8b,low_rank_diffuse,9,8,5,0.328055,0.09271,0.8,0.043046,0.008931,0.8,-0.28500899999999996,0.1312158022282849
BZ01,qwen3_8b,low_rank_diffuse,9,28,6,0.044005,0.01133,0.8,0.075427,0.020919,0.9,0.03142199999999999,1.7140552209976136
BZ09,qwen3_8b,high_complex_global,35,24,1,0.000121,3e-05,0.9,0.000544,0.000136,0.9,0.000423,4.4958677685950414
BZ09,qwen3_8b,high_complex_global,10,21,2,0.03827,0.009377,0.7,0.013214,0.003303,0.7,-0.025056,0.34528351188920825
BZ09,qwen3_8b,high_complex_global,10,28,3,0.031133,0.007681,0.7,0.029269,0.007232,0.7,-0.001864000000000001,0.9401278386278226
BZ09,qwen3_8b,high_complex_global,7,11,4,0.013047,0.003265,0.8,0.019219,0.004749,0.9,0.006172,1.4730589407526635
BZ09,qwen3_8b,high_complex_global,11,1,5,0.084438,0.020509,0.7,0.248083,0.057831,0.6,0.16364499999999998,2.938049219545702
BZ09,qwen3_8b,high_complex_global,24,24,6,0.002651,0.000662,1.0,0.002097,0.000524,0.9,-0.0005540000000000002,0.7910222557525461
BZ09,qwen3_8b,local_band,12,25,1,0.268046,0.062251,0.6,0.013134,0.003258,0.9,-0.254912,0.04899905240145348
BZ09,qwen3_8b,local_band,1,4,2,0.037209,0.009127,0.7,0.516685,0.105575,0.2,0.47947599999999996,13.886022198930366
BZ09,qwen3_8b,local_band,0,1,3,0.069343,0.016958,0.7,0.086926,0.02132,0.7,0.017583,1.253565608641103
BZ09,qwen3_8b,local_band,1,7,4,0.002839,0.00071,0.8,0.008103,0.00202,0.8,0.005264000000000001,2.854174004931314
BZ09,qwen3_8b,local_band,0,15,5,0.004069,0.001014,0.8,0.205052,0.04768,0.5,0.20098300000000002,50.393708527893835
BZ09,qwen3_8b,local_band,16,27,6,0.078414,0.01929,0.7,1.701365,0.305174,0.3,1.622951,21.697209681944553
BZ09,qwen3_8b,low_rank_diffuse,13,12,1,0.091604,0.022187,0.8,0.003116,0.000776,0.8,-0.08848800000000001,0.03401598183485437
BZ09,qwen3_8b,low_rank_diffuse,7,6,2,0.349354,0.081042,0.5,0.020213,0.005082,0.9,-0.329141,0.057858218311512104
BZ09,qwen3_8b,low_rank_diffuse,7,4,3,0.062343,0.015174,0.7,0.04938,0.011957,0.8,-0.012963000000000002,0.7920696790337327
BZ09,qwen3_8b,low_rank_diffuse,9,30,4,0.918485,0.19471,0.3,0.002769,0.000689,0.8,-0.915716,0.0030147471107312587
BZ09,qwen3_8b,low_rank_diffuse,9,8,5,0.008329,0.002063,0.9,0.183766,0.043356,0.6,0.175437,22.06339296434146
BZ09,qwen3_8b,low_rank_diffuse,9,28,6,0.094832,0.022858,0.7,0.072505,0.017598,0.7,-0.022327,0.7645625949046735
TC01,qwen3_8b,high_complex_global,35,24,1,0.00047,0.000116,1.0,0.002991,0.000769,1.0,0.0025210000000000002,6.363829787234043
TC01,qwen3_8b,high_complex_global,10,21,2,0.241473,0.060896,0.8,0.027901,0.006861,0.9,-0.21357199999999998,0.11554500917286818
TC01,qwen3_8b,high_complex_global,10,28,3,0.017292,0.004452,0.9,0.097161,0.024567,1.0,0.079869,5.618841082581541
TC01,qwen3_8b,high_complex_global,7,11,4,0.062194,0.015884,0.9,0.022427,0.005209,0.9,-0.039767,0.36059748528796987
TC01,qwen3_8b,high_complex_global,11,1,5,0.00895,0.002235,1.0,0.01599,0.004027,0.9,0.007040000000000001,1.7865921787709498
TC01,qwen3_8b,high_complex_global,24,24,6,0.007828,0.001893,0.9,0.003933,0.000988,1.0,-0.003895,0.5024271844660194
TC01,qwen3_8b,local_band,12,25,1,0.013868,0.003516,0.9,0.023155,0.005516,0.9,0.009286999999999998,1.669671185462936
TC01,qwen3_8b,local_band,1,4,2,0.027499,0.006771,0.9,0.037693,0.009647,0.8,0.010193999999999998,1.3707043892505182
TC01,qwen3_8b,local_band,0,1,3,0.325135,0.08113,0.8,0.313769,0.061924,0.7,-0.011365999999999987,0.9650422132345027
TC01,qwen3_8b,local_band,1,7,4,0.009355,0.002265,1.0,0.140601,0.031518,0.7,0.131246,15.02950293960449
TC01,qwen3_8b,local_band,0,15,5,0.149095,0.037789,0.9,0.089312,0.020042,0.8,-0.059783,0.5990274657097824
TC01,qwen3_8b,local_band,16,27,6,0.004513,0.001123,0.9,0.121377,0.026947,0.7,0.116864,26.89497008641702
TC01,qwen3_8b,low_rank_diffuse,13,12,1,0.026837,0.006926,1.0,0.018915,0.004755,0.9,-0.007921999999999998,0.7048105227857063
TC01,qwen3_8b,low_rank_diffuse,7,6,2,0.042886,0.010175,0.8,0.050646,0.012109,1.0,0.007759999999999996,1.1809448304808094
TC01,qwen3_8b,low_rank_diffuse,7,4,3,0.011942,0.002917,0.8,0.301525,0.077396,0.9,0.289583,25.249120750293084
TC01,qwen3_8b,low_rank_diffuse,9,30,4,0.371079,0.06496,0.6,0.063711,0.016222,0.8,-0.307368,0.1716912032208775
TC01,qwen3_8b,low_rank_diffuse,9,8,5,0.009034,0.002227,0.9,0.015651,0.003875,0.9,0.006617000000000001,1.7324551693601948
TC01,qwen3_8b,low_rank_diffuse,9,28,6,0.221049,0.059465,0.8,0.02887,0.007266,0.9,-0.192179,0.13060452659817506
TC10,qwen3_8b,high_complex_global,35,24,1,8.5e-05,2.1e-05,1.0,0.000533,0.000133,1.0,0.00044800000000000005,6.270588235294118
TC10,qwen3_8b,high_complex_global,10,21,2,0.009203,0.002291,1.0,0.004538,0.001145,1.0,-0.004664999999999999,0.4931000760621537
TC10,qwen3_8b,high_complex_global,10,28,3,0.004068,0.001003,1.0,0.004439,0.001121,1.0,0.00037100000000000067,1.0911996066863325
TC10,qwen3_8b,high_complex_global,7,11,4,0.011085,0.002764,0.9,0.433604,0.10093,0.7,0.422519,39.11628326567433
TC10,qwen3_8b,high_complex_global,11,1,5,0.007184,0.001786,1.0,0.006259,0.00156,1.0,-0.0009250000000000005,0.8712416481069042
TC10,qwen3_8b,high_complex_global,24,24,6,0.001458,0.000365,1.0,0.002238,0.00056,1.0,0.0007799999999999999,1.5349794238683125
TC10,qwen3_8b,local_band,12,25,1,0.009856,0.002524,0.9,0.038548,0.009215,0.8,0.028692,3.9111201298701297
TC10,qwen3_8b,local_band,1,4,2,0.006089,0.001522,1.0,0.018729,0.004561,1.0,0.012639999999999998,3.075874527837083
TC10,qwen3_8b,local_band,0,1,3,0.004154,0.001053,1.0,0.057477,0.013199,0.7,0.053323,13.836543090996631
TC10,qwen3_8b,local_band,1,7,4,0.003926,0.00098,1.0,0.004721,0.001187,0.9,0.0007950000000000006,1.2024961793173716
TC10,qwen3_8b,local_band,0,15,5,0.004927,0.001219,1.0,0.014815,0.003762,1.0,0.009888000000000001,3.0069007509640757
TC10,qwen3_8b,local_band,16,27,6,0.010755,0.002657,1.0,1.110897,0.20779,0.7,1.100142,103.29121338912134
TC10,qwen3_8b,low_rank_diffuse,13,12,1,0.013389,0.003338,1.0,0.00484,0.001207,1.0,-0.008549000000000001,0.36149077601015756
TC10,qwen3_8b,low_rank_diffuse,7,6,2,0.031094,0.007482,0.9,0.005297,0.001323,1.0,-0.025797,0.1703544092107802
TC10,qwen3_8b,low_rank_diffuse,7,4,3,0.002138,0.000535,1.0,0.023453,0.005662,0.9,0.021315,10.969597754911131
TC10,qwen3_8b,low_rank_diffuse,9,30,4,0.02162,0.005371,1.0,0.047934,0.011915,0.9,0.026313999999999997,2.217113783533765
TC10,qwen3_8b,low_rank_diffuse,9,8,5,0.016029,0.004064,0.9,0.002922,0.000733,0.9,-0.013107,0.18229459105371512
TC10,qwen3_8b,low_rank_diffuse,9,28,6,0.02037,0.005003,0.9,0.005899,0.001455,1.0,-0.014471,0.28959253804614626
