task_id,model_tag,target_group,layer,head,selection_rank,kl_banded,js_banded,top10_banded,kl_plr_r4,js_plr_r4,top10_plr_r4,kl_delta_plr_r4_minus_banded,kl_ratio_plr_r4_over_banded,kl_plr_r2,top10_plr_r2
TR01,qwen3_8b,low_rank_diffuse,13,12,1,0.005293,0.001262,0.9,0.010047,0.002456,1.0,0.004754,1.8981673908936332,0.009919,1.0
TR01,qwen3_8b,low_rank_diffuse,7,6,2,0.004462,0.001113,0.9,0.004388,0.001079,0.9,-7.399999999999941e-05,0.9834155087404752,0.005415,0.9
TR01,qwen3_8b,low_rank_diffuse,7,4,3,0.005457,0.001315,0.9,0.005808,0.001415,1.0,0.00035099999999999975,1.0643210555250138,0.006869,0.9
TR01,qwen3_8b,low_rank_diffuse,9,30,4,0.003548,0.000874,0.9,0.005761,0.00142,1.0,0.0022129999999999997,1.6237316798196166,0.009824,1.0
TR01,qwen3_8b,low_rank_diffuse,9,8,5,0.002292,0.000572,0.9,0.004405,0.001035,1.0,0.002113,1.9219022687609073,0.002463,0.9
TR01,qwen3_8b,low_rank_diffuse,9,28,6,0.001916,0.000475,0.9,0.003924,0.000961,1.0,0.0020080000000000002,2.048016701461378,0.001156,0.9
TR08,qwen3_8b,low_rank_diffuse,13,12,1,0.004674,0.001098,1.0,0.005924,0.001459,0.9,0.0012499999999999994,1.2674368848951647,0.00234,1.0
TR08,qwen3_8b,low_rank_diffuse,7,6,2,0.015281,0.00397,0.9,0.005823,0.001432,1.0,-0.009458,0.38106144885805904,0.003541,1.0
TR08,qwen3_8b,low_rank_diffuse,7,4,3,0.004661,0.00117,1.0,0.036593,0.008073,0.9,0.031932,7.8508903668740615,0.035643,0.9
TR08,qwen3_8b,low_rank_diffuse,9,30,4,0.010661,0.002608,1.0,0.009246,0.0022,1.0,-0.0014149999999999996,0.86727323890817,0.008726,1.0
TR08,qwen3_8b,low_rank_diffuse,9,8,5,0.005084,0.001296,1.0,0.006801,0.001739,1.0,0.0017169999999999998,1.3377261998426435,0.006027,1.0
TR08,qwen3_8b,low_rank_diffuse,9,28,6,0.00276,0.000691,0.9,0.005723,0.001375,1.0,0.002963,2.073550724637681,0.00495,1.0
BZ01,qwen3_8b,low_rank_diffuse,13,12,1,0.070826,0.014612,0.8,0.010519,0.002873,1.0,-0.060307,0.1485189054866857,0.005536,1.0
BZ01,qwen3_8b,low_rank_diffuse,7,6,2,0.060267,0.012501,0.7,0.124956,0.022919,0.7,0.064689,2.0733734879784955,0.149498,0.7
BZ01,qwen3_8b,low_rank_diffuse,7,4,3,0.046827,0.013897,0.8,0.067151,0.017423,0.5,0.020324000000000002,1.4340231063275461,0.086683,0.6
BZ01,qwen3_8b,low_rank_diffuse,9,30,4,0.112046,0.021232,0.7,0.03386,0.00815,0.7,-0.078186,0.3021973118183603,0.035231,0.7
BZ01,qwen3_8b,low_rank_diffuse,9,8,5,0.328055,0.09271,0.8,0.043046,0.008931,0.8,-0.28500899999999996,0.1312158022282849,0.083969,0.8
BZ01,qwen3_8b,low_rank_diffuse,9,28,6,0.044005,0.01133,0.8,0.075427,0.020919,0.9,0.03142199999999999,1.7140552209976136,0.027346,1.0
BZ09,qwen3_8b,low_rank_diffuse,13,12,1,0.091604,0.022187,0.8,0.003116,0.000776,0.8,-0.08848800000000001,0.03401598183485437,0.039202,0.7
BZ09,qwen3_8b,low_rank_diffuse,7,6,2,0.349354,0.081042,0.5,0.020213,0.005082,0.9,-0.329141,0.057858218311512104,0.032275,0.9
BZ09,qwen3_8b,low_rank_diffuse,7,4,3,0.062343,0.015174,0.7,0.04938,0.011957,0.8,-0.012963000000000002,0.7920696790337327,0.106471,0.6
BZ09,qwen3_8b,low_rank_diffuse,9,30,4,0.918485,0.19471,0.3,0.002769,0.000689,0.8,-0.915716,0.0030147471107312587,0.036095,0.7
BZ09,qwen3_8b,low_rank_diffuse,9,8,5,0.008329,0.002063,0.9,0.183766,0.043356,0.6,0.175437,22.06339296434146,0.047885,0.7
BZ09,qwen3_8b,low_rank_diffuse,9,28,6,0.094832,0.022858,0.7,0.072505,0.017598,0.7,-0.022327,0.7645625949046735,0.163916,0.7
TC01,qwen3_8b,low_rank_diffuse,13,12,1,0.026837,0.006926,1.0,0.018915,0.004755,0.9,-0.007921999999999998,0.7048105227857063,0.016797,0.9
TC01,qwen3_8b,low_rank_diffuse,7,6,2,0.042886,0.010175,0.8,0.050646,0.012109,1.0,0.007759999999999996,1.1809448304808094,0.053327,1.0
TC01,qwen3_8b,low_rank_diffuse,7,4,3,0.011942,0.002917,0.8,0.301525,0.077396,0.9,0.289583,25.249120750293084,0.188094,0.7
TC01,qwen3_8b,low_rank_diffuse,9,30,4,0.371079,0.06496,0.6,0.063711,0.016222,0.8,-0.307368,0.1716912032208775,0.063662,0.8
TC01,qwen3_8b,low_rank_diffuse,9,8,5,0.009034,0.002227,0.9,0.015651,0.003875,0.9,0.006617000000000001,1.7324551693601948,0.137659,0.9
TC01,qwen3_8b,low_rank_diffuse,9,28,6,0.221049,0.059465,0.8,0.02887,0.007266,0.9,-0.192179,0.13060452659817506,0.056445,0.8
TC10,qwen3_8b,low_rank_diffuse,13,12,1,0.013389,0.003338,1.0,0.00484,0.001207,1.0,-0.008549000000000001,0.36149077601015756,0.006573,1.0
TC10,qwen3_8b,low_rank_diffuse,7,6,2,0.031094,0.007482,0.9,0.005297,0.001323,1.0,-0.025797,0.1703544092107802,0.005352,1.0
TC10,qwen3_8b,low_rank_diffuse,7,4,3,0.002138,0.000535,1.0,0.023453,0.005662,0.9,0.021315,10.969597754911131,0.027316,0.9
TC10,qwen3_8b,low_rank_diffuse,9,30,4,0.02162,0.005371,1.0,0.047934,0.011915,0.9,0.026313999999999997,2.217113783533765,0.010366,0.9
TC10,qwen3_8b,low_rank_diffuse,9,8,5,0.016029,0.004064,0.9,0.002922,0.000733,0.9,-0.013107,0.18229459105371512,0.003956,0.9
TC10,qwen3_8b,low_rank_diffuse,9,28,6,0.02037,0.005003,0.9,0.005899,0.001455,1.0,-0.014471,0.28959253804614626,0.003747,1.0
