model_tag,protocol,feature_set,class,support,recall
ALL,group_split_by_model_task_layer,full,banded,31,0.935484
ALL,group_split_by_model_task_layer,full,lowrank,6854,0.969507
ALL,group_split_by_model_task_layer,full,monarch,699,0.938484
ALL,leave_one_prompt::BZ01,full,banded,25,1.0
ALL,leave_one_prompt::BZ01,full,lowrank,2382,0.959278
ALL,leave_one_prompt::BZ01,full,monarch,169,0.852071
ALL,leave_one_prompt::BZ02,full,banded,27,0.925926
ALL,leave_one_prompt::BZ02,full,lowrank,2380,0.961345
ALL,leave_one_prompt::BZ02,full,monarch,169,0.87574
ALL,leave_one_prompt::BZ05,full,banded,24,1.0
ALL,leave_one_prompt::BZ05,full,lowrank,2362,0.969941
ALL,leave_one_prompt::BZ05,full,monarch,190,0.852632
ALL,leave_one_prompt::BZ09,full,banded,21,1.0
ALL,leave_one_prompt::BZ09,full,lowrank,2355,0.96518
ALL,leave_one_prompt::BZ09,full,monarch,200,0.885
ALL,leave_one_prompt::TC01,full,banded,25,1.0
ALL,leave_one_prompt::TC01,full,lowrank,2380,0.960924
ALL,leave_one_prompt::TC01,full,monarch,171,0.847953
ALL,leave_one_prompt::TC02,full,banded,21,1.0
ALL,leave_one_prompt::TC02,full,lowrank,2361,0.96654
ALL,leave_one_prompt::TC02,full,monarch,194,0.871134
ALL,leave_one_prompt::TC08,full,banded,22,1.0
ALL,leave_one_prompt::TC08,full,lowrank,2356,0.968591
ALL,leave_one_prompt::TC08,full,monarch,198,0.878788
ALL,leave_one_prompt::TC10,full,banded,21,0.952381
ALL,leave_one_prompt::TC10,full,lowrank,2362,0.960627
ALL,leave_one_prompt::TC10,full,monarch,193,0.875648
ALL,leave_one_prompt::TR01,full,banded,10,1.0
ALL,leave_one_prompt::TR01,full,lowrank,2246,0.964826
ALL,leave_one_prompt::TR01,full,monarch,320,0.96875
ALL,leave_one_prompt::TR02,full,banded,13,1.0
ALL,leave_one_prompt::TR02,full,lowrank,2252,0.967584
ALL,leave_one_prompt::TR02,full,monarch,311,0.961415
ALL,leave_one_prompt::TR05,full,banded,11,0.909091
ALL,leave_one_prompt::TR05,full,lowrank,2245,0.959911
ALL,leave_one_prompt::TR05,full,monarch,320,0.959375
ALL,leave_one_prompt::TR08,full,banded,10,0.7
ALL,leave_one_prompt::TR08,full,lowrank,2229,0.967699
ALL,leave_one_prompt::TR08,full,monarch,337,0.952522
ALL,leave_one_prompt_macro,full,banded,230,0.969565
ALL,leave_one_prompt_macro,full,lowrank,27910,0.96435
ALL,leave_one_prompt_macro,full,monarch,2772,0.910895
ALL,group_split_by_model_task_layer,no_seq_len,banded,31,0.903226
ALL,group_split_by_model_task_layer,no_seq_len,lowrank,6854,0.968194
ALL,group_split_by_model_task_layer,no_seq_len,monarch,699,0.939914
ALL,leave_one_prompt::BZ01,no_seq_len,banded,25,1.0
ALL,leave_one_prompt::BZ01,no_seq_len,lowrank,2382,0.960537
ALL,leave_one_prompt::BZ01,no_seq_len,monarch,169,0.852071
ALL,leave_one_prompt::BZ02,no_seq_len,banded,27,0.925926
ALL,leave_one_prompt::BZ02,no_seq_len,lowrank,2380,0.960084
ALL,leave_one_prompt::BZ02,no_seq_len,monarch,169,0.857988
ALL,leave_one_prompt::BZ05,no_seq_len,banded,24,1.0
ALL,leave_one_prompt::BZ05,no_seq_len,lowrank,2362,0.967824
ALL,leave_one_prompt::BZ05,no_seq_len,monarch,190,0.836842
ALL,leave_one_prompt::BZ09,no_seq_len,banded,21,1.0
ALL,leave_one_prompt::BZ09,no_seq_len,lowrank,2355,0.961783
ALL,leave_one_prompt::BZ09,no_seq_len,monarch,200,0.88
ALL,leave_one_prompt::TC01,no_seq_len,banded,25,1.0
ALL,leave_one_prompt::TC01,no_seq_len,lowrank,2380,0.960084
ALL,leave_one_prompt::TC01,no_seq_len,monarch,171,0.836257
ALL,leave_one_prompt::TC02,no_seq_len,banded,21,1.0
ALL,leave_one_prompt::TC02,no_seq_len,lowrank,2361,0.964422
ALL,leave_one_prompt::TC02,no_seq_len,monarch,194,0.876289
ALL,leave_one_prompt::TC08,no_seq_len,banded,22,1.0
ALL,leave_one_prompt::TC08,no_seq_len,lowrank,2356,0.967317
ALL,leave_one_prompt::TC08,no_seq_len,monarch,198,0.878788
ALL,leave_one_prompt::TC10,no_seq_len,banded,21,0.952381
ALL,leave_one_prompt::TC10,no_seq_len,lowrank,2362,0.957663
ALL,leave_one_prompt::TC10,no_seq_len,monarch,193,0.870466
ALL,leave_one_prompt::TR01,no_seq_len,banded,10,1.0
ALL,leave_one_prompt::TR01,no_seq_len,lowrank,2246,0.970614
ALL,leave_one_prompt::TR01,no_seq_len,monarch,320,0.953125
ALL,leave_one_prompt::TR02,no_seq_len,banded,13,1.0
ALL,leave_one_prompt::TR02,no_seq_len,lowrank,2252,0.971581
ALL,leave_one_prompt::TR02,no_seq_len,monarch,311,0.948553
ALL,leave_one_prompt::TR05,no_seq_len,banded,11,0.909091
ALL,leave_one_prompt::TR05,no_seq_len,lowrank,2245,0.966592
ALL,leave_one_prompt::TR05,no_seq_len,monarch,320,0.9625
ALL,leave_one_prompt::TR08,no_seq_len,banded,10,0.7
ALL,leave_one_prompt::TR08,no_seq_len,lowrank,2229,0.971288
ALL,leave_one_prompt::TR08,no_seq_len,monarch,337,0.95549
ALL,leave_one_prompt_macro,no_seq_len,banded,230,0.969565
ALL,leave_one_prompt_macro,no_seq_len,lowrank,27910,0.964887
ALL,leave_one_prompt_macro,no_seq_len,monarch,2772,0.905123
gemma3_4b,group_split_by_model_task_layer,full,banded,5,1.0
gemma3_4b,group_split_by_model_task_layer,full,lowrank,673,0.919762
gemma3_4b,group_split_by_model_task_layer,full,monarch,138,0.942029
gemma3_4b,leave_one_prompt::BZ01,full,banded,3,1.0
gemma3_4b,leave_one_prompt::BZ01,full,lowrank,239,0.920502
gemma3_4b,leave_one_prompt::BZ01,full,monarch,30,0.966667
gemma3_4b,leave_one_prompt::BZ02,full,banded,3,1.0
gemma3_4b,leave_one_prompt::BZ02,full,lowrank,237,0.915612
gemma3_4b,leave_one_prompt::BZ02,full,monarch,32,0.96875
gemma3_4b,leave_one_prompt::BZ05,full,banded,3,1.0
gemma3_4b,leave_one_prompt::BZ05,full,lowrank,234,0.935897
gemma3_4b,leave_one_prompt::BZ05,full,monarch,35,0.942857
gemma3_4b,leave_one_prompt::BZ09,full,banded,3,1.0
gemma3_4b,leave_one_prompt::BZ09,full,lowrank,227,0.938326
gemma3_4b,leave_one_prompt::BZ09,full,monarch,42,0.97619
gemma3_4b,leave_one_prompt::TC01,full,banded,3,1.0
gemma3_4b,leave_one_prompt::TC01,full,lowrank,237,0.907173
gemma3_4b,leave_one_prompt::TC01,full,monarch,32,0.90625
gemma3_4b,leave_one_prompt::TC02,full,banded,2,0.5
gemma3_4b,leave_one_prompt::TC02,full,lowrank,233,0.939914
gemma3_4b,leave_one_prompt::TC02,full,monarch,37,0.918919
gemma3_4b,leave_one_prompt::TC08,full,banded,2,1.0
gemma3_4b,leave_one_prompt::TC08,full,lowrank,233,0.935622
gemma3_4b,leave_one_prompt::TC08,full,monarch,37,0.918919
gemma3_4b,leave_one_prompt::TC10,full,banded,2,1.0
gemma3_4b,leave_one_prompt::TC10,full,lowrank,232,0.913793
gemma3_4b,leave_one_prompt::TC10,full,monarch,38,0.947368
gemma3_4b,leave_one_prompt::TR01,full,banded,0,0.0
gemma3_4b,leave_one_prompt::TR01,full,lowrank,197,0.939086
gemma3_4b,leave_one_prompt::TR01,full,monarch,75,0.893333
gemma3_4b,leave_one_prompt::TR02,full,banded,1,1.0
gemma3_4b,leave_one_prompt::TR02,full,lowrank,198,0.939394
gemma3_4b,leave_one_prompt::TR02,full,monarch,73,0.90411
gemma3_4b,leave_one_prompt::TR05,full,banded,1,1.0
gemma3_4b,leave_one_prompt::TR05,full,lowrank,198,0.934343
gemma3_4b,leave_one_prompt::TR05,full,monarch,73,0.945205
gemma3_4b,leave_one_prompt::TR08,full,banded,1,1.0
gemma3_4b,leave_one_prompt::TR08,full,lowrank,195,0.928205
gemma3_4b,leave_one_prompt::TR08,full,monarch,76,0.960526
gemma3_4b,leave_one_prompt_macro,full,banded,24,0.958333
gemma3_4b,leave_one_prompt_macro,full,lowrank,2660,0.928571
gemma3_4b,leave_one_prompt_macro,full,monarch,580,0.934483
gemma3_4b,group_split_by_model_task_layer,no_seq_len,banded,5,1.0
gemma3_4b,group_split_by_model_task_layer,no_seq_len,lowrank,673,0.922734
gemma3_4b,group_split_by_model_task_layer,no_seq_len,monarch,138,0.956522
gemma3_4b,leave_one_prompt::BZ01,no_seq_len,banded,3,1.0
gemma3_4b,leave_one_prompt::BZ01,no_seq_len,lowrank,239,0.916318
gemma3_4b,leave_one_prompt::BZ01,no_seq_len,monarch,30,0.966667
gemma3_4b,leave_one_prompt::BZ02,no_seq_len,banded,3,1.0
gemma3_4b,leave_one_prompt::BZ02,no_seq_len,lowrank,237,0.919831
gemma3_4b,leave_one_prompt::BZ02,no_seq_len,monarch,32,0.96875
gemma3_4b,leave_one_prompt::BZ05,no_seq_len,banded,3,1.0
gemma3_4b,leave_one_prompt::BZ05,no_seq_len,lowrank,234,0.940171
gemma3_4b,leave_one_prompt::BZ05,no_seq_len,monarch,35,0.971429
gemma3_4b,leave_one_prompt::BZ09,no_seq_len,banded,3,1.0
gemma3_4b,leave_one_prompt::BZ09,no_seq_len,lowrank,227,0.947137
gemma3_4b,leave_one_prompt::BZ09,no_seq_len,monarch,42,0.97619
gemma3_4b,leave_one_prompt::TC01,no_seq_len,banded,3,1.0
gemma3_4b,leave_one_prompt::TC01,no_seq_len,lowrank,237,0.911392
gemma3_4b,leave_one_prompt::TC01,no_seq_len,monarch,32,0.90625
gemma3_4b,leave_one_prompt::TC02,no_seq_len,banded,2,1.0
gemma3_4b,leave_one_prompt::TC02,no_seq_len,lowrank,233,0.939914
gemma3_4b,leave_one_prompt::TC02,no_seq_len,monarch,37,0.945946
gemma3_4b,leave_one_prompt::TC08,no_seq_len,banded,2,1.0
gemma3_4b,leave_one_prompt::TC08,no_seq_len,lowrank,233,0.935622
gemma3_4b,leave_one_prompt::TC08,no_seq_len,monarch,37,0.918919
gemma3_4b,leave_one_prompt::TC10,no_seq_len,banded,2,1.0
gemma3_4b,leave_one_prompt::TC10,no_seq_len,lowrank,232,0.918103
gemma3_4b,leave_one_prompt::TC10,no_seq_len,monarch,38,0.947368
gemma3_4b,leave_one_prompt::TR01,no_seq_len,banded,0,0.0
gemma3_4b,leave_one_prompt::TR01,no_seq_len,lowrank,197,0.939086
gemma3_4b,leave_one_prompt::TR01,no_seq_len,monarch,75,0.893333
gemma3_4b,leave_one_prompt::TR02,no_seq_len,banded,1,1.0
gemma3_4b,leave_one_prompt::TR02,no_seq_len,lowrank,198,0.944444
gemma3_4b,leave_one_prompt::TR02,no_seq_len,monarch,73,0.90411
gemma3_4b,leave_one_prompt::TR05,no_seq_len,banded,1,1.0
gemma3_4b,leave_one_prompt::TR05,no_seq_len,lowrank,198,0.929293
gemma3_4b,leave_one_prompt::TR05,no_seq_len,monarch,73,0.945205
gemma3_4b,leave_one_prompt::TR08,no_seq_len,banded,1,1.0
gemma3_4b,leave_one_prompt::TR08,no_seq_len,lowrank,195,0.933333
gemma3_4b,leave_one_prompt::TR08,no_seq_len,monarch,76,0.960526
gemma3_4b,leave_one_prompt_macro,no_seq_len,banded,24,1.0
gemma3_4b,leave_one_prompt_macro,no_seq_len,lowrank,2660,0.930827
gemma3_4b,leave_one_prompt_macro,no_seq_len,monarch,580,0.937931
ministral8b,group_split_by_model_task_layer,full,lowrank,3346,0.990735
ministral8b,group_split_by_model_task_layer,full,monarch,110,0.981818
ministral8b,leave_one_prompt::BZ01,full,lowrank,1116,0.985663
ministral8b,leave_one_prompt::BZ01,full,monarch,36,1.0
ministral8b,leave_one_prompt::BZ02,full,lowrank,1120,0.98125
ministral8b,leave_one_prompt::BZ02,full,monarch,32,1.0
ministral8b,leave_one_prompt::BZ05,full,lowrank,1117,0.985676
ministral8b,leave_one_prompt::BZ05,full,monarch,35,1.0
ministral8b,leave_one_prompt::BZ09,full,lowrank,1114,0.978456
ministral8b,leave_one_prompt::BZ09,full,monarch,38,0.973684
ministral8b,leave_one_prompt::TC01,full,lowrank,1118,0.982111
ministral8b,leave_one_prompt::TC01,full,monarch,34,1.0
ministral8b,leave_one_prompt::TC02,full,lowrank,1113,0.984726
ministral8b,leave_one_prompt::TC02,full,monarch,39,1.0
ministral8b,leave_one_prompt::TC08,full,lowrank,1111,0.991899
ministral8b,leave_one_prompt::TC08,full,monarch,41,0.926829
ministral8b,leave_one_prompt::TC10,full,lowrank,1112,0.985612
ministral8b,leave_one_prompt::TC10,full,monarch,40,1.0
ministral8b,leave_one_prompt::TR01,full,lowrank,1102,0.978221
ministral8b,leave_one_prompt::TR01,full,monarch,50,0.98
ministral8b,leave_one_prompt::TR02,full,lowrank,1101,0.980926
ministral8b,leave_one_prompt::TR02,full,monarch,51,0.941176
ministral8b,leave_one_prompt::TR05,full,lowrank,1098,0.981785
ministral8b,leave_one_prompt::TR05,full,monarch,54,0.981481
ministral8b,leave_one_prompt::TR08,full,lowrank,1097,0.977211
ministral8b,leave_one_prompt::TR08,full,monarch,55,0.981818
ministral8b,leave_one_prompt_macro,full,lowrank,13319,0.982807
ministral8b,leave_one_prompt_macro,full,monarch,505,0.980198
ministral8b,group_split_by_model_task_layer,no_seq_len,lowrank,3346,0.987747
ministral8b,group_split_by_model_task_layer,no_seq_len,monarch,110,1.0
ministral8b,leave_one_prompt::BZ01,no_seq_len,lowrank,1116,0.985663
ministral8b,leave_one_prompt::BZ01,no_seq_len,monarch,36,1.0
ministral8b,leave_one_prompt::BZ02,no_seq_len,lowrank,1120,0.980357
ministral8b,leave_one_prompt::BZ02,no_seq_len,monarch,32,1.0
ministral8b,leave_one_prompt::BZ05,no_seq_len,lowrank,1117,0.983885
ministral8b,leave_one_prompt::BZ05,no_seq_len,monarch,35,1.0
ministral8b,leave_one_prompt::BZ09,no_seq_len,lowrank,1114,0.981149
ministral8b,leave_one_prompt::BZ09,no_seq_len,monarch,38,0.973684
ministral8b,leave_one_prompt::TC01,no_seq_len,lowrank,1118,0.980322
ministral8b,leave_one_prompt::TC01,no_seq_len,monarch,34,1.0
ministral8b,leave_one_prompt::TC02,no_seq_len,lowrank,1113,0.982929
ministral8b,leave_one_prompt::TC02,no_seq_len,monarch,39,1.0
ministral8b,leave_one_prompt::TC08,no_seq_len,lowrank,1111,0.988299
ministral8b,leave_one_prompt::TC08,no_seq_len,monarch,41,0.95122
ministral8b,leave_one_prompt::TC10,no_seq_len,lowrank,1112,0.983813
ministral8b,leave_one_prompt::TC10,no_seq_len,monarch,40,1.0
ministral8b,leave_one_prompt::TR01,no_seq_len,lowrank,1102,0.983666
ministral8b,leave_one_prompt::TR01,no_seq_len,monarch,50,0.98
ministral8b,leave_one_prompt::TR02,no_seq_len,lowrank,1101,0.980018
ministral8b,leave_one_prompt::TR02,no_seq_len,monarch,51,0.960784
ministral8b,leave_one_prompt::TR05,no_seq_len,lowrank,1098,0.981785
ministral8b,leave_one_prompt::TR05,no_seq_len,monarch,54,0.962963
ministral8b,leave_one_prompt::TR08,no_seq_len,lowrank,1097,0.983592
ministral8b,leave_one_prompt::TR08,no_seq_len,monarch,55,0.981818
ministral8b,leave_one_prompt_macro,no_seq_len,lowrank,13319,0.982957
ministral8b,leave_one_prompt_macro,no_seq_len,monarch,505,0.982178
qwen3_8b,group_split_by_model_task_layer,full,banded,64,0.953125
qwen3_8b,group_split_by_model_task_layer,full,lowrank,2893,0.954718
qwen3_8b,group_split_by_model_task_layer,full,monarch,499,0.857715
qwen3_8b,leave_one_prompt::BZ01,full,banded,22,1.0
qwen3_8b,leave_one_prompt::BZ01,full,lowrank,1027,0.964946
qwen3_8b,leave_one_prompt::BZ01,full,monarch,103,0.825243
qwen3_8b,leave_one_prompt::BZ02,full,banded,24,0.916667
qwen3_8b,leave_one_prompt::BZ02,full,lowrank,1023,0.964809
qwen3_8b,leave_one_prompt::BZ02,full,monarch,105,0.866667
qwen3_8b,leave_one_prompt::BZ05,full,banded,21,1.0
qwen3_8b,leave_one_prompt::BZ05,full,lowrank,1011,0.975272
qwen3_8b,leave_one_prompt::BZ05,full,monarch,120,0.825
qwen3_8b,leave_one_prompt::BZ09,full,banded,18,1.0
qwen3_8b,leave_one_prompt::BZ09,full,lowrank,1014,0.970414
qwen3_8b,leave_one_prompt::BZ09,full,monarch,120,0.858333
qwen3_8b,leave_one_prompt::TC01,full,banded,22,1.0
qwen3_8b,leave_one_prompt::TC01,full,lowrank,1025,0.961951
qwen3_8b,leave_one_prompt::TC01,full,monarch,105,0.809524
qwen3_8b,leave_one_prompt::TC02,full,banded,19,1.0
qwen3_8b,leave_one_prompt::TC02,full,lowrank,1015,0.962562
qwen3_8b,leave_one_prompt::TC02,full,monarch,118,0.847458
qwen3_8b,leave_one_prompt::TC08,full,banded,20,1.0
qwen3_8b,leave_one_prompt::TC08,full,lowrank,1012,0.974308
qwen3_8b,leave_one_prompt::TC08,full,monarch,120,0.85
qwen3_8b,leave_one_prompt::TC10,full,banded,19,0.947368
qwen3_8b,leave_one_prompt::TC10,full,lowrank,1018,0.95776
qwen3_8b,leave_one_prompt::TC10,full,monarch,115,0.834783
qwen3_8b,leave_one_prompt::TR01,full,banded,10,1.0
qwen3_8b,leave_one_prompt::TR01,full,lowrank,947,0.967265
qwen3_8b,leave_one_prompt::TR01,full,monarch,195,0.938462
qwen3_8b,leave_one_prompt::TR02,full,banded,12,0.916667
qwen3_8b,leave_one_prompt::TR02,full,lowrank,953,0.967471
qwen3_8b,leave_one_prompt::TR02,full,monarch,187,0.957219
qwen3_8b,leave_one_prompt::TR05,full,banded,10,0.9
qwen3_8b,leave_one_prompt::TR05,full,lowrank,949,0.953635
qwen3_8b,leave_one_prompt::TR05,full,monarch,193,0.943005
qwen3_8b,leave_one_prompt::TR08,full,banded,9,0.777778
qwen3_8b,leave_one_prompt::TR08,full,lowrank,937,0.96905
qwen3_8b,leave_one_prompt::TR08,full,monarch,206,0.946602
qwen3_8b,leave_one_prompt_macro,full,banded,206,0.966019
qwen3_8b,leave_one_prompt_macro,full,lowrank,11931,0.965803
qwen3_8b,leave_one_prompt_macro,full,monarch,1687,0.889152
qwen3_8b,group_split_by_model_task_layer,no_seq_len,banded,64,0.953125
qwen3_8b,group_split_by_model_task_layer,no_seq_len,lowrank,2893,0.955064
qwen3_8b,group_split_by_model_task_layer,no_seq_len,monarch,499,0.851703
qwen3_8b,leave_one_prompt::BZ01,no_seq_len,banded,22,1.0
qwen3_8b,leave_one_prompt::BZ01,no_seq_len,lowrank,1027,0.963973
qwen3_8b,leave_one_prompt::BZ01,no_seq_len,monarch,103,0.796117
qwen3_8b,leave_one_prompt::BZ02,no_seq_len,banded,24,0.916667
qwen3_8b,leave_one_prompt::BZ02,no_seq_len,lowrank,1023,0.964809
qwen3_8b,leave_one_prompt::BZ02,no_seq_len,monarch,105,0.809524
qwen3_8b,leave_one_prompt::BZ05,no_seq_len,banded,21,1.0
qwen3_8b,leave_one_prompt::BZ05,no_seq_len,lowrank,1011,0.974283
qwen3_8b,leave_one_prompt::BZ05,no_seq_len,monarch,120,0.8
qwen3_8b,leave_one_prompt::BZ09,no_seq_len,banded,18,1.0
qwen3_8b,leave_one_prompt::BZ09,no_seq_len,lowrank,1014,0.968442
qwen3_8b,leave_one_prompt::BZ09,no_seq_len,monarch,120,0.833333
qwen3_8b,leave_one_prompt::TC01,no_seq_len,banded,22,1.0
qwen3_8b,leave_one_prompt::TC01,no_seq_len,lowrank,1025,0.963902
qwen3_8b,leave_one_prompt::TC01,no_seq_len,monarch,105,0.790476
qwen3_8b,leave_one_prompt::TC02,no_seq_len,banded,19,1.0
qwen3_8b,leave_one_prompt::TC02,no_seq_len,lowrank,1015,0.963547
qwen3_8b,leave_one_prompt::TC02,no_seq_len,monarch,118,0.830508
qwen3_8b,leave_one_prompt::TC08,no_seq_len,banded,20,1.0
qwen3_8b,leave_one_prompt::TC08,no_seq_len,lowrank,1012,0.971344
qwen3_8b,leave_one_prompt::TC08,no_seq_len,monarch,120,0.825
qwen3_8b,leave_one_prompt::TC10,no_seq_len,banded,19,0.947368
qwen3_8b,leave_one_prompt::TC10,no_seq_len,lowrank,1018,0.958743
qwen3_8b,leave_one_prompt::TC10,no_seq_len,monarch,115,0.808696
qwen3_8b,leave_one_prompt::TR01,no_seq_len,banded,10,1.0
qwen3_8b,leave_one_prompt::TR01,no_seq_len,lowrank,947,0.967265
qwen3_8b,leave_one_prompt::TR01,no_seq_len,monarch,195,0.94359
qwen3_8b,leave_one_prompt::TR02,no_seq_len,banded,12,0.916667
qwen3_8b,leave_one_prompt::TR02,no_seq_len,lowrank,953,0.96957
qwen3_8b,leave_one_prompt::TR02,no_seq_len,monarch,187,0.967914
qwen3_8b,leave_one_prompt::TR05,no_seq_len,banded,10,0.9
qwen3_8b,leave_one_prompt::TR05,no_seq_len,lowrank,949,0.956797
qwen3_8b,leave_one_prompt::TR05,no_seq_len,monarch,193,0.963731
qwen3_8b,leave_one_prompt::TR08,no_seq_len,banded,9,0.555556
qwen3_8b,leave_one_prompt::TR08,no_seq_len,lowrank,937,0.970117
qwen3_8b,leave_one_prompt::TR08,no_seq_len,monarch,206,0.956311
qwen3_8b,leave_one_prompt_macro,no_seq_len,banded,206,0.956311
qwen3_8b,leave_one_prompt_macro,no_seq_len,lowrank,11931,0.966055
qwen3_8b,leave_one_prompt_macro,no_seq_len,monarch,1687,0.879668
